Value,Instruction,First Argument Type,First Argument Is Address,First Argument Nb Bytes,First Argument Name,First Argument Value,Second Argument Type,Second Argument Is Address,Second Argument Nb Bytes,Second Argument Name,Second Argument Value,Length (bytes),Duration (Cycle),Duration no action (Cycle),Z flag,N flag,H flag,C flag
0,NOP,None,None,None,None,None,None,None,None,None,None,1,4,4,NONE,NONE,NONE,NONE
1,LD,REGISTER,False,2,BC,None,IMMEDIATE_16_BITS,False,2,d16,None,3,12,12,NONE,NONE,NONE,NONE
2,LD,REGISTER,True,2,BC,None,REGISTER,False,1,A,None,1,8,8,NONE,NONE,NONE,NONE
3,INC,REGISTER,False,2,BC,None,None,None,None,None,None,1,8,8,NONE,NONE,NONE,NONE
4,INC,REGISTER,False,1,B,None,None,None,None,None,None,1,4,4,CUSTOM,RESET,CUSTOM,NONE
5,DEC,REGISTER,False,1,B,None,None,None,None,None,None,1,4,4,CUSTOM,SET,CUSTOM,NONE
6,LD,REGISTER,False,1,B,None,IMMEDIATE_8_BITS,False,1,d8,None,2,8,8,NONE,NONE,NONE,NONE
7,RLCA,None,None,None,None,None,None,None,None,None,None,1,4,4,RESET,RESET,RESET,CUSTOM
8,LD,ADDRESS_16_BIT,True,2,a16,None,REGISTER,False,2,SP,None,3,20,20,NONE,NONE,NONE,NONE
9,ADD,REGISTER,False,2,HL,None,REGISTER,False,2,BC,None,1,8,8,NONE,RESET,CUSTOM,CUSTOM
10,LD,REGISTER,False,1,A,None,REGISTER,True,2,BC,None,1,8,8,NONE,NONE,NONE,NONE
11,DEC,REGISTER,False,2,BC,None,None,None,None,None,None,1,8,8,NONE,NONE,NONE,NONE
12,INC,REGISTER,False,1,C,None,None,None,None,None,None,1,4,4,CUSTOM,RESET,CUSTOM,NONE
13,DEC,REGISTER,False,1,C,None,None,None,None,None,None,1,4,4,CUSTOM,SET,CUSTOM,NONE
14,LD,REGISTER,False,1,C,None,IMMEDIATE_8_BITS,False,1,d8,None,2,8,8,NONE,NONE,NONE,NONE
15,RRCA,None,None,None,None,None,None,None,None,None,None,1,4,4,RESET,RESET,RESET,CUSTOM
16,STOP,VALUE,False,1,0,0,None,None,None,None,None,2,4,4,NONE,NONE,NONE,NONE
17,LD,REGISTER,False,2,DE,None,IMMEDIATE_16_BITS,False,2,d16,None,3,12,12,NONE,NONE,NONE,NONE
18,LD,REGISTER,True,2,DE,None,REGISTER,False,1,A,None,1,8,8,NONE,NONE,NONE,NONE
19,INC,REGISTER,False,2,DE,None,None,None,None,None,None,1,8,8,NONE,NONE,NONE,NONE
20,INC,REGISTER,False,1,D,None,None,None,None,None,None,1,4,4,CUSTOM,RESET,CUSTOM,NONE
21,DEC,REGISTER,False,1,D,None,None,None,None,None,None,1,4,4,CUSTOM,SET,CUSTOM,NONE
22,LD,REGISTER,False,1,D,None,IMMEDIATE_8_BITS,False,1,d8,None,2,8,8,NONE,NONE,NONE,NONE
23,RLA,None,None,None,None,None,None,None,None,None,None,1,4,4,RESET,RESET,RESET,CUSTOM
24,JR,PC_INCREMENT_8_BIT,False,1,r8,None,None,None,None,None,None,2,12,12,NONE,NONE,NONE,NONE
25,ADD,REGISTER,False,2,HL,None,REGISTER,False,2,DE,None,1,8,8,NONE,RESET,CUSTOM,CUSTOM
26,LD,REGISTER,False,1,A,None,REGISTER,True,2,DE,None,1,8,8,NONE,NONE,NONE,NONE
27,DEC,REGISTER,False,2,DE,None,None,None,None,None,None,1,8,8,NONE,NONE,NONE,NONE
28,INC,REGISTER,False,1,E,None,None,None,None,None,None,1,4,4,CUSTOM,RESET,CUSTOM,NONE
29,DEC,REGISTER,False,1,E,None,None,None,None,None,None,1,4,4,CUSTOM,SET,CUSTOM,NONE
30,LD,REGISTER,False,1,E,None,IMMEDIATE_8_BITS,False,1,d8,None,2,8,8,NONE,NONE,NONE,NONE
31,RRA,None,None,None,None,None,None,None,None,None,None,1,4,4,RESET,RESET,RESET,CUSTOM
32,JR,REGISTER,False,1,NZ,None,PC_INCREMENT_8_BIT,False,1,r8,None,2,12,8,NONE,NONE,NONE,NONE
33,LD,REGISTER,False,2,HL,None,IMMEDIATE_16_BITS,False,2,d16,None,3,12,12,NONE,NONE,NONE,NONE
34,LDI,REGISTER,True,2,HL,None,REGISTER,False,1,A,None,1,8,8,NONE,NONE,NONE,NONE
35,INC,REGISTER,False,2,HL,None,None,None,None,None,None,1,8,8,NONE,NONE,NONE,NONE
36,INC,REGISTER,False,1,H,None,None,None,None,None,None,1,4,4,CUSTOM,RESET,CUSTOM,NONE
37,DEC,REGISTER,False,1,H,None,None,None,None,None,None,1,4,4,CUSTOM,SET,CUSTOM,NONE
38,LD,REGISTER,False,1,H,None,IMMEDIATE_8_BITS,False,1,d8,None,2,8,8,NONE,NONE,NONE,NONE
39,DAA,None,None,None,None,None,None,None,None,None,None,1,4,4,CUSTOM,NONE,RESET,CUSTOM
40,JR,REGISTER,False,1,Z,None,PC_INCREMENT_8_BIT,False,1,r8,None,2,12,8,NONE,NONE,NONE,NONE
41,ADD,REGISTER,False,2,HL,None,REGISTER,False,2,HL,None,1,8,8,NONE,RESET,CUSTOM,CUSTOM
42,LDI,REGISTER,False,1,A,None,REGISTER,True,2,HL,None,1,8,8,NONE,NONE,NONE,NONE
43,DEC,REGISTER,False,2,HL,None,None,None,None,None,None,1,8,8,NONE,NONE,NONE,NONE
44,INC,REGISTER,False,1,L,None,None,None,None,None,None,1,4,4,CUSTOM,RESET,CUSTOM,NONE
45,DEC,REGISTER,False,1,L,None,None,None,None,None,None,1,4,4,CUSTOM,SET,CUSTOM,NONE
46,LD,REGISTER,False,1,L,None,IMMEDIATE_8_BITS,False,1,d8,None,2,8,8,NONE,NONE,NONE,NONE
47,CPL,None,None,None,None,None,None,None,None,None,None,1,4,4,NONE,SET,SET,NONE
48,JR,REGISTER,False,1,NC,None,PC_INCREMENT_8_BIT,False,1,r8,None,2,12,8,NONE,NONE,NONE,NONE
49,LD,REGISTER,False,2,SP,None,IMMEDIATE_16_BITS,False,2,d16,None,3,12,12,NONE,NONE,NONE,NONE
50,LDD,REGISTER,True,2,HL,None,REGISTER,False,1,A,None,1,8,8,NONE,NONE,NONE,NONE
51,INC,REGISTER,False,2,SP,None,None,None,None,None,None,1,8,8,NONE,NONE,NONE,NONE
52,INC,REGISTER,True,2,HL,None,None,None,None,None,None,1,12,12,CUSTOM,RESET,CUSTOM,NONE
53,DEC,REGISTER,True,2,HL,None,None,None,None,None,None,1,12,12,CUSTOM,SET,CUSTOM,NONE
54,LD,REGISTER,True,2,HL,None,IMMEDIATE_8_BITS,False,1,d8,None,2,12,12,NONE,NONE,NONE,NONE
55,SCF,None,None,None,None,None,None,None,None,None,None,1,4,4,NONE,RESET,RESET,SET
56,JR,REGISTER,False,1,C,None,PC_INCREMENT_8_BIT,False,1,r8,None,2,12,8,NONE,NONE,NONE,NONE
57,ADD,REGISTER,False,2,HL,None,REGISTER,False,2,SP,None,1,8,8,NONE,RESET,CUSTOM,CUSTOM
58,LDD,REGISTER,False,1,A,None,REGISTER,True,2,HL,None,1,8,8,NONE,NONE,NONE,NONE
59,DEC,REGISTER,False,2,SP,None,None,None,None,None,None,1,8,8,NONE,NONE,NONE,NONE
60,INC,REGISTER,False,1,A,None,None,None,None,None,None,1,4,4,CUSTOM,RESET,CUSTOM,NONE
61,DEC,REGISTER,False,1,A,None,None,None,None,None,None,1,4,4,CUSTOM,SET,CUSTOM,NONE
62,LD,REGISTER,False,1,A,None,IMMEDIATE_8_BITS,False,1,d8,None,2,8,8,NONE,NONE,NONE,NONE
63,CCF,None,None,None,None,None,None,None,None,None,None,1,4,4,NONE,RESET,RESET,CUSTOM
64,LD,REGISTER,False,1,B,None,REGISTER,False,1,B,None,1,4,4,NONE,NONE,NONE,NONE
65,LD,REGISTER,False,1,B,None,REGISTER,False,1,C,None,1,4,4,NONE,NONE,NONE,NONE
66,LD,REGISTER,False,1,B,None,REGISTER,False,1,D,None,1,4,4,NONE,NONE,NONE,NONE
67,LD,REGISTER,False,1,B,None,REGISTER,False,1,E,None,1,4,4,NONE,NONE,NONE,NONE
68,LD,REGISTER,False,1,B,None,REGISTER,False,1,H,None,1,4,4,NONE,NONE,NONE,NONE
69,LD,REGISTER,False,1,B,None,REGISTER,False,1,L,None,1,4,4,NONE,NONE,NONE,NONE
70,LD,REGISTER,False,1,B,None,REGISTER,True,2,HL,None,1,8,8,NONE,NONE,NONE,NONE
71,LD,REGISTER,False,1,B,None,REGISTER,False,1,A,None,1,4,4,NONE,NONE,NONE,NONE
72,LD,REGISTER,False,1,C,None,REGISTER,False,1,B,None,1,4,4,NONE,NONE,NONE,NONE
73,LD,REGISTER,False,1,C,None,REGISTER,False,1,C,None,1,4,4,NONE,NONE,NONE,NONE
74,LD,REGISTER,False,1,C,None,REGISTER,False,1,D,None,1,4,4,NONE,NONE,NONE,NONE
75,LD,REGISTER,False,1,C,None,REGISTER,False,1,E,None,1,4,4,NONE,NONE,NONE,NONE
76,LD,REGISTER,False,1,C,None,REGISTER,False,1,H,None,1,4,4,NONE,NONE,NONE,NONE
77,LD,REGISTER,False,1,C,None,REGISTER,False,1,L,None,1,4,4,NONE,NONE,NONE,NONE
78,LD,REGISTER,False,1,C,None,REGISTER,True,2,HL,None,1,8,8,NONE,NONE,NONE,NONE
79,LD,REGISTER,False,1,C,None,REGISTER,False,1,A,None,1,4,4,NONE,NONE,NONE,NONE
80,LD,REGISTER,False,1,D,None,REGISTER,False,1,B,None,1,4,4,NONE,NONE,NONE,NONE
81,LD,REGISTER,False,1,D,None,REGISTER,False,1,C,None,1,4,4,NONE,NONE,NONE,NONE
82,LD,REGISTER,False,1,D,None,REGISTER,False,1,D,None,1,4,4,NONE,NONE,NONE,NONE
83,LD,REGISTER,False,1,D,None,REGISTER,False,1,E,None,1,4,4,NONE,NONE,NONE,NONE
84,LD,REGISTER,False,1,D,None,REGISTER,False,1,H,None,1,4,4,NONE,NONE,NONE,NONE
85,LD,REGISTER,False,1,D,None,REGISTER,False,1,L,None,1,4,4,NONE,NONE,NONE,NONE
86,LD,REGISTER,False,1,D,None,REGISTER,True,2,HL,None,1,8,8,NONE,NONE,NONE,NONE
87,LD,REGISTER,False,1,D,None,REGISTER,False,1,A,None,1,4,4,NONE,NONE,NONE,NONE
88,LD,REGISTER,False,1,E,None,REGISTER,False,1,B,None,1,4,4,NONE,NONE,NONE,NONE
89,LD,REGISTER,False,1,E,None,REGISTER,False,1,C,None,1,4,4,NONE,NONE,NONE,NONE
90,LD,REGISTER,False,1,E,None,REGISTER,False,1,D,None,1,4,4,NONE,NONE,NONE,NONE
91,LD,REGISTER,False,1,E,None,REGISTER,False,1,E,None,1,4,4,NONE,NONE,NONE,NONE
92,LD,REGISTER,False,1,E,None,REGISTER,False,1,H,None,1,4,4,NONE,NONE,NONE,NONE
93,LD,REGISTER,False,1,E,None,REGISTER,False,1,L,None,1,4,4,NONE,NONE,NONE,NONE
94,LD,REGISTER,False,1,E,None,REGISTER,True,2,HL,None,1,8,8,NONE,NONE,NONE,NONE
95,LD,REGISTER,False,1,E,None,REGISTER,False,1,A,None,1,4,4,NONE,NONE,NONE,NONE
96,LD,REGISTER,False,1,H,None,REGISTER,False,1,B,None,1,4,4,NONE,NONE,NONE,NONE
97,LD,REGISTER,False,1,H,None,REGISTER,False,1,C,None,1,4,4,NONE,NONE,NONE,NONE
98,LD,REGISTER,False,1,H,None,REGISTER,False,1,D,None,1,4,4,NONE,NONE,NONE,NONE
99,LD,REGISTER,False,1,H,None,REGISTER,False,1,E,None,1,4,4,NONE,NONE,NONE,NONE
100,LD,REGISTER,False,1,H,None,REGISTER,False,1,H,None,1,4,4,NONE,NONE,NONE,NONE
101,LD,REGISTER,False,1,H,None,REGISTER,False,1,L,None,1,4,4,NONE,NONE,NONE,NONE
102,LD,REGISTER,False,1,H,None,REGISTER,True,2,HL,None,1,8,8,NONE,NONE,NONE,NONE
103,LD,REGISTER,False,1,H,None,REGISTER,False,1,A,None,1,4,4,NONE,NONE,NONE,NONE
104,LD,REGISTER,False,1,L,None,REGISTER,False,1,B,None,1,4,4,NONE,NONE,NONE,NONE
105,LD,REGISTER,False,1,L,None,REGISTER,False,1,C,None,1,4,4,NONE,NONE,NONE,NONE
106,LD,REGISTER,False,1,L,None,REGISTER,False,1,D,None,1,4,4,NONE,NONE,NONE,NONE
107,LD,REGISTER,False,1,L,None,REGISTER,False,1,E,None,1,4,4,NONE,NONE,NONE,NONE
108,LD,REGISTER,False,1,L,None,REGISTER,False,1,H,None,1,4,4,NONE,NONE,NONE,NONE
109,LD,REGISTER,False,1,L,None,REGISTER,False,1,L,None,1,4,4,NONE,NONE,NONE,NONE
110,LD,REGISTER,False,1,L,None,REGISTER,True,2,HL,None,1,8,8,NONE,NONE,NONE,NONE
111,LD,REGISTER,False,1,L,None,REGISTER,False,1,A,None,1,4,4,NONE,NONE,NONE,NONE
112,LD,REGISTER,True,2,HL,None,REGISTER,False,1,B,None,1,8,8,NONE,NONE,NONE,NONE
113,LD,REGISTER,True,2,HL,None,REGISTER,False,1,C,None,1,8,8,NONE,NONE,NONE,NONE
114,LD,REGISTER,True,2,HL,None,REGISTER,False,1,D,None,1,8,8,NONE,NONE,NONE,NONE
115,LD,REGISTER,True,2,HL,None,REGISTER,False,1,E,None,1,8,8,NONE,NONE,NONE,NONE
116,LD,REGISTER,True,2,HL,None,REGISTER,False,1,H,None,1,8,8,NONE,NONE,NONE,NONE
117,LD,REGISTER,True,2,HL,None,REGISTER,False,1,L,None,1,8,8,NONE,NONE,NONE,NONE
118,HALT,None,None,None,None,None,None,None,None,None,None,1,4,4,NONE,NONE,NONE,NONE
119,LD,REGISTER,True,2,HL,None,REGISTER,False,1,A,None,1,8,8,NONE,NONE,NONE,NONE
120,LD,REGISTER,False,1,A,None,REGISTER,False,1,B,None,1,4,4,NONE,NONE,NONE,NONE
121,LD,REGISTER,False,1,A,None,REGISTER,False,1,C,None,1,4,4,NONE,NONE,NONE,NONE
122,LD,REGISTER,False,1,A,None,REGISTER,False,1,D,None,1,4,4,NONE,NONE,NONE,NONE
123,LD,REGISTER,False,1,A,None,REGISTER,False,1,E,None,1,4,4,NONE,NONE,NONE,NONE
124,LD,REGISTER,False,1,A,None,REGISTER,False,1,H,None,1,4,4,NONE,NONE,NONE,NONE
125,LD,REGISTER,False,1,A,None,REGISTER,False,1,L,None,1,4,4,NONE,NONE,NONE,NONE
126,LD,REGISTER,False,1,A,None,REGISTER,True,2,HL,None,1,8,8,NONE,NONE,NONE,NONE
127,LD,REGISTER,False,1,A,None,REGISTER,False,1,A,None,1,4,4,NONE,NONE,NONE,NONE
128,ADD,REGISTER,False,1,A,None,REGISTER,False,1,B,None,1,4,4,CUSTOM,RESET,CUSTOM,CUSTOM
129,ADD,REGISTER,False,1,A,None,REGISTER,False,1,C,None,1,4,4,CUSTOM,RESET,CUSTOM,CUSTOM
130,ADD,REGISTER,False,1,A,None,REGISTER,False,1,D,None,1,4,4,CUSTOM,RESET,CUSTOM,CUSTOM
131,ADD,REGISTER,False,1,A,None,REGISTER,False,1,E,None,1,4,4,CUSTOM,RESET,CUSTOM,CUSTOM
132,ADD,REGISTER,False,1,A,None,REGISTER,False,1,H,None,1,4,4,CUSTOM,RESET,CUSTOM,CUSTOM
133,ADD,REGISTER,False,1,A,None,REGISTER,False,1,L,None,1,4,4,CUSTOM,RESET,CUSTOM,CUSTOM
134,ADD,REGISTER,False,1,A,None,REGISTER,True,2,HL,None,1,8,8,CUSTOM,RESET,CUSTOM,CUSTOM
135,ADD,REGISTER,False,1,A,None,REGISTER,False,1,A,None,1,4,4,CUSTOM,RESET,CUSTOM,CUSTOM
136,ADC,REGISTER,False,1,A,None,REGISTER,False,1,B,None,1,4,4,CUSTOM,RESET,CUSTOM,CUSTOM
137,ADC,REGISTER,False,1,A,None,REGISTER,False,1,C,None,1,4,4,CUSTOM,RESET,CUSTOM,CUSTOM
138,ADC,REGISTER,False,1,A,None,REGISTER,False,1,D,None,1,4,4,CUSTOM,RESET,CUSTOM,CUSTOM
139,ADC,REGISTER,False,1,A,None,REGISTER,False,1,E,None,1,4,4,CUSTOM,RESET,CUSTOM,CUSTOM
140,ADC,REGISTER,False,1,A,None,REGISTER,False,1,H,None,1,4,4,CUSTOM,RESET,CUSTOM,CUSTOM
141,ADC,REGISTER,False,1,A,None,REGISTER,False,1,L,None,1,4,4,CUSTOM,RESET,CUSTOM,CUSTOM
142,ADC,REGISTER,False,1,A,None,REGISTER,True,2,HL,None,1,8,8,CUSTOM,RESET,CUSTOM,CUSTOM
143,ADC,REGISTER,False,1,A,None,REGISTER,False,1,A,None,1,4,4,CUSTOM,RESET,CUSTOM,CUSTOM
144,SUB,REGISTER,False,1,B,None,None,None,None,None,None,1,4,4,CUSTOM,SET,CUSTOM,CUSTOM
145,SUB,REGISTER,False,1,C,None,None,None,None,None,None,1,4,4,CUSTOM,SET,CUSTOM,CUSTOM
146,SUB,REGISTER,False,1,D,None,None,None,None,None,None,1,4,4,CUSTOM,SET,CUSTOM,CUSTOM
147,SUB,REGISTER,False,1,E,None,None,None,None,None,None,1,4,4,CUSTOM,SET,CUSTOM,CUSTOM
148,SUB,REGISTER,False,1,H,None,None,None,None,None,None,1,4,4,CUSTOM,SET,CUSTOM,CUSTOM
149,SUB,REGISTER,False,1,L,None,None,None,None,None,None,1,4,4,CUSTOM,SET,CUSTOM,CUSTOM
150,SUB,REGISTER,True,2,HL,None,None,None,None,None,None,1,8,8,CUSTOM,SET,CUSTOM,CUSTOM
151,SUB,REGISTER,False,1,A,None,None,None,None,None,None,1,4,4,CUSTOM,SET,CUSTOM,CUSTOM
152,SBC,REGISTER,False,1,A,None,REGISTER,False,1,B,None,1,4,4,CUSTOM,SET,CUSTOM,CUSTOM
153,SBC,REGISTER,False,1,A,None,REGISTER,False,1,C,None,1,4,4,CUSTOM,SET,CUSTOM,CUSTOM
154,SBC,REGISTER,False,1,A,None,REGISTER,False,1,D,None,1,4,4,CUSTOM,SET,CUSTOM,CUSTOM
155,SBC,REGISTER,False,1,A,None,REGISTER,False,1,E,None,1,4,4,CUSTOM,SET,CUSTOM,CUSTOM
156,SBC,REGISTER,False,1,A,None,REGISTER,False,1,H,None,1,4,4,CUSTOM,SET,CUSTOM,CUSTOM
157,SBC,REGISTER,False,1,A,None,REGISTER,False,1,L,None,1,4,4,CUSTOM,SET,CUSTOM,CUSTOM
158,SBC,REGISTER,False,1,A,None,REGISTER,True,2,HL,None,1,8,8,CUSTOM,SET,CUSTOM,CUSTOM
159,SBC,REGISTER,False,1,A,None,REGISTER,False,1,A,None,1,4,4,CUSTOM,SET,CUSTOM,CUSTOM
160,AND,REGISTER,False,1,B,None,None,None,None,None,None,1,4,4,CUSTOM,RESET,SET,RESET
161,AND,REGISTER,False,1,C,None,None,None,None,None,None,1,4,4,CUSTOM,RESET,SET,RESET
162,AND,REGISTER,False,1,D,None,None,None,None,None,None,1,4,4,CUSTOM,RESET,SET,RESET
163,AND,REGISTER,False,1,E,None,None,None,None,None,None,1,4,4,CUSTOM,RESET,SET,RESET
164,AND,REGISTER,False,1,H,None,None,None,None,None,None,1,4,4,CUSTOM,RESET,SET,RESET
165,AND,REGISTER,False,1,L,None,None,None,None,None,None,1,4,4,CUSTOM,RESET,SET,RESET
166,AND,REGISTER,True,2,HL,None,None,None,None,None,None,1,8,8,CUSTOM,RESET,SET,RESET
167,AND,REGISTER,False,1,A,None,None,None,None,None,None,1,4,4,CUSTOM,RESET,SET,RESET
168,XOR,REGISTER,False,1,B,None,None,None,None,None,None,1,4,4,CUSTOM,RESET,RESET,RESET
169,XOR,REGISTER,False,1,C,None,None,None,None,None,None,1,4,4,CUSTOM,RESET,RESET,RESET
170,XOR,REGISTER,False,1,D,None,None,None,None,None,None,1,4,4,CUSTOM,RESET,RESET,RESET
171,XOR,REGISTER,False,1,E,None,None,None,None,None,None,1,4,4,CUSTOM,RESET,RESET,RESET
172,XOR,REGISTER,False,1,H,None,None,None,None,None,None,1,4,4,CUSTOM,RESET,RESET,RESET
173,XOR,REGISTER,False,1,L,None,None,None,None,None,None,1,4,4,CUSTOM,RESET,RESET,RESET
174,XOR,REGISTER,True,2,HL,None,None,None,None,None,None,1,8,8,CUSTOM,RESET,RESET,RESET
175,XOR,REGISTER,False,1,A,None,None,None,None,None,None,1,4,4,CUSTOM,RESET,RESET,RESET
176,OR,REGISTER,False,1,B,None,None,None,None,None,None,1,4,4,CUSTOM,RESET,RESET,RESET
177,OR,REGISTER,False,1,C,None,None,None,None,None,None,1,4,4,CUSTOM,RESET,RESET,RESET
178,OR,REGISTER,False,1,D,None,None,None,None,None,None,1,4,4,CUSTOM,RESET,RESET,RESET
179,OR,REGISTER,False,1,E,None,None,None,None,None,None,1,4,4,CUSTOM,RESET,RESET,RESET
180,OR,REGISTER,False,1,H,None,None,None,None,None,None,1,4,4,CUSTOM,RESET,RESET,RESET
181,OR,REGISTER,False,1,L,None,None,None,None,None,None,1,4,4,CUSTOM,RESET,RESET,RESET
182,OR,REGISTER,True,2,HL,None,None,None,None,None,None,1,8,8,CUSTOM,RESET,RESET,RESET
183,OR,REGISTER,False,1,A,None,None,None,None,None,None,1,4,4,CUSTOM,RESET,RESET,RESET
184,CP,REGISTER,False,1,B,None,None,None,None,None,None,1,4,4,CUSTOM,SET,CUSTOM,CUSTOM
185,CP,REGISTER,False,1,C,None,None,None,None,None,None,1,4,4,CUSTOM,SET,CUSTOM,CUSTOM
186,CP,REGISTER,False,1,D,None,None,None,None,None,None,1,4,4,CUSTOM,SET,CUSTOM,CUSTOM
187,CP,REGISTER,False,1,E,None,None,None,None,None,None,1,4,4,CUSTOM,SET,CUSTOM,CUSTOM
188,CP,REGISTER,False,1,H,None,None,None,None,None,None,1,4,4,CUSTOM,SET,CUSTOM,CUSTOM
189,CP,REGISTER,False,1,L,None,None,None,None,None,None,1,4,4,CUSTOM,SET,CUSTOM,CUSTOM
190,CP,REGISTER,True,2,HL,None,None,None,None,None,None,1,8,8,CUSTOM,SET,CUSTOM,CUSTOM
191,CP,REGISTER,False,1,A,None,None,None,None,None,None,1,4,4,CUSTOM,SET,CUSTOM,CUSTOM
192,RET,REGISTER,False,1,NZ,None,None,None,None,None,None,1,20,8,NONE,NONE,NONE,NONE
193,POP,REGISTER,False,2,BC,None,None,None,None,None,None,1,12,12,NONE,NONE,NONE,NONE
194,JP,REGISTER,False,1,NZ,None,ADDRESS_16_BIT,False,2,a16,None,3,16,12,NONE,NONE,NONE,NONE
195,JP,ADDRESS_16_BIT,False,2,a16,None,None,None,None,None,None,3,16,16,NONE,NONE,NONE,NONE
196,CALL,REGISTER,False,1,NZ,None,ADDRESS_16_BIT,False,2,a16,None,3,24,12,NONE,NONE,NONE,NONE
197,PUSH,REGISTER,False,2,BC,None,None,None,None,None,None,1,16,16,NONE,NONE,NONE,NONE
198,ADD,REGISTER,False,1,A,None,IMMEDIATE_8_BITS,False,1,d8,None,2,8,8,CUSTOM,RESET,CUSTOM,CUSTOM
199,RST,VALUE,False,1,00H,0,None,None,None,None,None,1,16,16,NONE,NONE,NONE,NONE
200,RET,REGISTER,False,1,Z,None,None,None,None,None,None,1,20,8,NONE,NONE,NONE,NONE
201,RET,None,None,None,None,None,None,None,None,None,None,1,16,16,NONE,NONE,NONE,NONE
202,JP,REGISTER,False,1,Z,None,ADDRESS_16_BIT,False,2,a16,None,3,16,12,NONE,NONE,NONE,NONE
203,PREFIX,INDICATION,False,1,CB,None,None,None,None,None,None,1,4,4,NONE,NONE,NONE,NONE
204,CALL,REGISTER,False,1,Z,None,ADDRESS_16_BIT,False,2,a16,None,3,24,12,NONE,NONE,NONE,NONE
205,CALL,ADDRESS_16_BIT,False,2,a16,None,None,None,None,None,None,3,24,24,NONE,NONE,NONE,NONE
206,ADC,REGISTER,False,1,A,None,IMMEDIATE_8_BITS,False,1,d8,None,2,8,8,CUSTOM,RESET,CUSTOM,CUSTOM
207,RST,VALUE,False,1,08H,8,None,None,None,None,None,1,16,16,NONE,NONE,NONE,NONE
208,RET,REGISTER,False,1,NC,None,None,None,None,None,None,1,20,8,NONE,NONE,NONE,NONE
209,POP,REGISTER,False,2,DE,None,None,None,None,None,None,1,12,12,NONE,NONE,NONE,NONE
210,JP,REGISTER,False,1,NC,None,ADDRESS_16_BIT,False,2,a16,None,3,16,12,NONE,NONE,NONE,NONE
211,UNKNOWN,None,None,None,None,None,None,None,None,None,None,1,1,1,NONE,NONE,NONE,NONE
212,CALL,REGISTER,False,1,NC,None,ADDRESS_16_BIT,False,2,a16,None,3,24,12,NONE,NONE,NONE,NONE
213,PUSH,REGISTER,False,2,DE,None,None,None,None,None,None,1,16,16,NONE,NONE,NONE,NONE
214,SUB,IMMEDIATE_8_BITS,False,1,d8,None,None,None,None,None,None,2,8,8,CUSTOM,SET,CUSTOM,CUSTOM
215,RST,VALUE,False,1,10H,16,None,None,None,None,None,1,16,16,NONE,NONE,NONE,NONE
216,RET,REGISTER,False,1,C,None,None,None,None,None,None,1,20,8,NONE,NONE,NONE,NONE
217,RETI,None,None,None,None,None,None,None,None,None,None,1,16,16,NONE,NONE,NONE,NONE
218,JP,REGISTER,False,1,C,None,ADDRESS_16_BIT,False,2,a16,None,3,16,12,NONE,NONE,NONE,NONE
219,UNKNOWN,None,None,None,None,None,None,None,None,None,None,1,1,1,NONE,NONE,NONE,NONE
220,CALL,REGISTER,False,1,C,None,ADDRESS_16_BIT,False,2,a16,None,3,24,12,NONE,NONE,NONE,NONE
221,UNKNOWN,None,None,None,None,None,None,None,None,None,None,1,1,1,NONE,NONE,NONE,NONE
222,SBC,REGISTER,False,1,A,None,IMMEDIATE_8_BITS,False,1,d8,None,2,8,8,CUSTOM,SET,CUSTOM,CUSTOM
223,RST,VALUE,False,1,18H,24,None,None,None,None,None,1,16,16,NONE,NONE,NONE,NONE
224,LDH,UNSIGNED_8_BIT,True,1,a8,None,REGISTER,False,1,A,None,2,12,12,NONE,NONE,NONE,NONE
225,POP,REGISTER,False,2,HL,None,None,None,None,None,None,1,12,12,NONE,NONE,NONE,NONE
226,LDSpecialC,REGISTER,True,1,C,None,REGISTER,False,1,A,None,1,8,8,NONE,NONE,NONE,NONE
227,UNKNOWN,None,None,None,None,None,None,None,None,None,None,1,1,1,NONE,NONE,NONE,NONE
228,UNKNOWN,None,None,None,None,None,None,None,None,None,None,1,1,1,NONE,NONE,NONE,NONE
229,PUSH,REGISTER,False,2,HL,None,None,None,None,None,None,1,16,16,NONE,NONE,NONE,NONE
230,AND,IMMEDIATE_8_BITS,False,1,d8,None,None,None,None,None,None,2,8,8,CUSTOM,RESET,SET,RESET
231,RST,VALUE,False,1,20H,32,None,None,None,None,None,1,16,16,NONE,NONE,NONE,NONE
232,ADD,REGISTER,False,2,SP,None,PC_INCREMENT_8_BIT,False,1,r8,None,2,16,16,RESET,RESET,CUSTOM,CUSTOM
233,JP,REGISTER,False,2,HL,None,None,None,None,None,None,1,4,4,NONE,NONE,NONE,NONE
234,LD,ADDRESS_16_BIT,True,2,a16,None,REGISTER,False,1,A,None,3,16,16,NONE,NONE,NONE,NONE
235,UNKNOWN,None,None,None,None,None,None,None,None,None,None,1,1,1,NONE,NONE,NONE,NONE
236,UNKNOWN,None,None,None,None,None,None,None,None,None,None,1,1,1,NONE,NONE,NONE,NONE
237,UNKNOWN,None,None,None,None,None,None,None,None,None,None,1,1,1,NONE,NONE,NONE,NONE
238,XOR,IMMEDIATE_8_BITS,False,1,d8,None,None,None,None,None,None,2,8,8,CUSTOM,RESET,RESET,RESET
239,RST,VALUE,False,1,28H,40,None,None,None,None,None,1,16,16,NONE,NONE,NONE,NONE
240,LDH,REGISTER,False,1,A,None,UNSIGNED_8_BIT,True,1,a8,None,2,12,12,NONE,NONE,NONE,NONE
241,POP,REGISTER,False,2,AF,None,None,None,None,None,None,1,12,12,CUSTOM,CUSTOM,CUSTOM,CUSTOM
242,LDSpecialC,REGISTER,False,1,A,None,REGISTER,True,1,C,None,1,8,8,NONE,NONE,NONE,NONE
243,DI,None,None,None,None,None,None,None,None,None,None,1,4,4,NONE,NONE,NONE,NONE
244,UNKNOWN,None,None,None,None,None,None,None,None,None,None,1,1,1,NONE,NONE,NONE,NONE
245,PUSH,REGISTER,False,2,AF,None,None,None,None,None,None,1,16,16,NONE,NONE,NONE,NONE
246,OR,IMMEDIATE_8_BITS,False,1,d8,None,None,None,None,None,None,2,8,8,CUSTOM,RESET,RESET,RESET
247,RST,VALUE,False,1,30H,48,None,None,None,None,None,1,16,16,NONE,NONE,NONE,NONE
248,LDHL,REGISTER,False,2,SP,None,PC_INCREMENT_8_BIT,False,1,r8,None,2,12,12,RESET,RESET,CUSTOM,CUSTOM
249,LD,REGISTER,False,2,SP,None,REGISTER,False,2,HL,None,1,8,8,NONE,NONE,NONE,NONE
250,LD,REGISTER,False,1,A,None,ADDRESS_16_BIT,True,2,a16,None,3,16,16,NONE,NONE,NONE,NONE
251,EI,None,None,None,None,None,None,None,None,None,None,1,4,4,NONE,NONE,NONE,NONE
252,UNKNOWN,None,None,None,None,None,None,None,None,None,None,1,1,1,NONE,NONE,NONE,NONE
253,UNKNOWN,None,None,None,None,None,None,None,None,None,None,1,1,1,NONE,NONE,NONE,NONE
254,CP,IMMEDIATE_8_BITS,False,1,d8,None,None,None,None,None,None,2,8,8,CUSTOM,SET,CUSTOM,CUSTOM
255,RST,VALUE,False,1,38H,56,None,None,None,None,None,1,16,16,NONE,NONE,NONE,NONE
256,RLC,REGISTER,False,1,B,None,None,None,None,None,None,2,8,8,CUSTOM,RESET,RESET,CUSTOM
257,RLC,REGISTER,False,1,C,None,None,None,None,None,None,2,8,8,CUSTOM,RESET,RESET,CUSTOM
258,RLC,REGISTER,False,1,D,None,None,None,None,None,None,2,8,8,CUSTOM,RESET,RESET,CUSTOM
259,RLC,REGISTER,False,1,E,None,None,None,None,None,None,2,8,8,CUSTOM,RESET,RESET,CUSTOM
260,RLC,REGISTER,False,1,H,None,None,None,None,None,None,2,8,8,CUSTOM,RESET,RESET,CUSTOM
261,RLC,REGISTER,False,1,L,None,None,None,None,None,None,2,8,8,CUSTOM,RESET,RESET,CUSTOM
262,RLC,REGISTER,True,2,HL,None,None,None,None,None,None,2,16,16,CUSTOM,RESET,RESET,CUSTOM
263,RLC,REGISTER,False,1,A,None,None,None,None,None,None,2,8,8,CUSTOM,RESET,RESET,CUSTOM
264,RRC,REGISTER,False,1,B,None,None,None,None,None,None,2,8,8,CUSTOM,RESET,RESET,CUSTOM
265,RRC,REGISTER,False,1,C,None,None,None,None,None,None,2,8,8,CUSTOM,RESET,RESET,CUSTOM
266,RRC,REGISTER,False,1,D,None,None,None,None,None,None,2,8,8,CUSTOM,RESET,RESET,CUSTOM
267,RRC,REGISTER,False,1,E,None,None,None,None,None,None,2,8,8,CUSTOM,RESET,RESET,CUSTOM
268,RRC,REGISTER,False,1,H,None,None,None,None,None,None,2,8,8,CUSTOM,RESET,RESET,CUSTOM
269,RRC,REGISTER,False,1,L,None,None,None,None,None,None,2,8,8,CUSTOM,RESET,RESET,CUSTOM
270,RRC,REGISTER,True,2,HL,None,None,None,None,None,None,2,16,16,CUSTOM,RESET,RESET,CUSTOM
271,RRC,REGISTER,False,1,A,None,None,None,None,None,None,2,8,8,CUSTOM,RESET,RESET,CUSTOM
272,RL,REGISTER,False,1,B,None,None,None,None,None,None,2,8,8,CUSTOM,RESET,RESET,CUSTOM
273,RL,REGISTER,False,1,C,None,None,None,None,None,None,2,8,8,CUSTOM,RESET,RESET,CUSTOM
274,RL,REGISTER,False,1,D,None,None,None,None,None,None,2,8,8,CUSTOM,RESET,RESET,CUSTOM
275,RL,REGISTER,False,1,E,None,None,None,None,None,None,2,8,8,CUSTOM,RESET,RESET,CUSTOM
276,RL,REGISTER,False,1,H,None,None,None,None,None,None,2,8,8,CUSTOM,RESET,RESET,CUSTOM
277,RL,REGISTER,False,1,L,None,None,None,None,None,None,2,8,8,CUSTOM,RESET,RESET,CUSTOM
278,RL,REGISTER,True,2,HL,None,None,None,None,None,None,2,16,16,CUSTOM,RESET,RESET,CUSTOM
279,RL,REGISTER,False,1,A,None,None,None,None,None,None,2,8,8,CUSTOM,RESET,RESET,CUSTOM
280,RR,REGISTER,False,1,B,None,None,None,None,None,None,2,8,8,CUSTOM,RESET,RESET,CUSTOM
281,RR,REGISTER,False,1,C,None,None,None,None,None,None,2,8,8,CUSTOM,RESET,RESET,CUSTOM
282,RR,REGISTER,False,1,D,None,None,None,None,None,None,2,8,8,CUSTOM,RESET,RESET,CUSTOM
283,RR,REGISTER,False,1,E,None,None,None,None,None,None,2,8,8,CUSTOM,RESET,RESET,CUSTOM
284,RR,REGISTER,False,1,H,None,None,None,None,None,None,2,8,8,CUSTOM,RESET,RESET,CUSTOM
285,RR,REGISTER,False,1,L,None,None,None,None,None,None,2,8,8,CUSTOM,RESET,RESET,CUSTOM
286,RR,REGISTER,True,2,HL,None,None,None,None,None,None,2,16,16,CUSTOM,RESET,RESET,CUSTOM
287,RR,REGISTER,False,1,A,None,None,None,None,None,None,2,8,8,CUSTOM,RESET,RESET,CUSTOM
288,SLA,REGISTER,False,1,B,None,None,None,None,None,None,2,8,8,CUSTOM,RESET,RESET,CUSTOM
289,SLA,REGISTER,False,1,C,None,None,None,None,None,None,2,8,8,CUSTOM,RESET,RESET,CUSTOM
290,SLA,REGISTER,False,1,D,None,None,None,None,None,None,2,8,8,CUSTOM,RESET,RESET,CUSTOM
291,SLA,REGISTER,False,1,E,None,None,None,None,None,None,2,8,8,CUSTOM,RESET,RESET,CUSTOM
292,SLA,REGISTER,False,1,H,None,None,None,None,None,None,2,8,8,CUSTOM,RESET,RESET,CUSTOM
293,SLA,REGISTER,False,1,L,None,None,None,None,None,None,2,8,8,CUSTOM,RESET,RESET,CUSTOM
294,SLA,REGISTER,True,2,HL,None,None,None,None,None,None,2,16,16,CUSTOM,RESET,RESET,CUSTOM
295,SLA,REGISTER,False,1,A,None,None,None,None,None,None,2,8,8,CUSTOM,RESET,RESET,CUSTOM
296,SRA,REGISTER,False,1,B,None,None,None,None,None,None,2,8,8,CUSTOM,RESET,RESET,RESET
297,SRA,REGISTER,False,1,C,None,None,None,None,None,None,2,8,8,CUSTOM,RESET,RESET,RESET
298,SRA,REGISTER,False,1,D,None,None,None,None,None,None,2,8,8,CUSTOM,RESET,RESET,RESET
299,SRA,REGISTER,False,1,E,None,None,None,None,None,None,2,8,8,CUSTOM,RESET,RESET,RESET
300,SRA,REGISTER,False,1,H,None,None,None,None,None,None,2,8,8,CUSTOM,RESET,RESET,RESET
301,SRA,REGISTER,False,1,L,None,None,None,None,None,None,2,8,8,CUSTOM,RESET,RESET,RESET
302,SRA,REGISTER,True,2,HL,None,None,None,None,None,None,2,16,16,CUSTOM,RESET,RESET,RESET
303,SRA,REGISTER,False,1,A,None,None,None,None,None,None,2,8,8,CUSTOM,RESET,RESET,RESET
304,SWAP,REGISTER,False,1,B,None,None,None,None,None,None,2,8,8,CUSTOM,RESET,RESET,RESET
305,SWAP,REGISTER,False,1,C,None,None,None,None,None,None,2,8,8,CUSTOM,RESET,RESET,RESET
306,SWAP,REGISTER,False,1,D,None,None,None,None,None,None,2,8,8,CUSTOM,RESET,RESET,RESET
307,SWAP,REGISTER,False,1,E,None,None,None,None,None,None,2,8,8,CUSTOM,RESET,RESET,RESET
308,SWAP,REGISTER,False,1,H,None,None,None,None,None,None,2,8,8,CUSTOM,RESET,RESET,RESET
309,SWAP,REGISTER,False,1,L,None,None,None,None,None,None,2,8,8,CUSTOM,RESET,RESET,RESET
310,SWAP,REGISTER,True,2,HL,None,None,None,None,None,None,2,16,16,CUSTOM,RESET,RESET,RESET
311,SWAP,REGISTER,False,1,A,None,None,None,None,None,None,2,8,8,CUSTOM,RESET,RESET,RESET
312,SRL,REGISTER,False,1,B,None,None,None,None,None,None,2,8,8,CUSTOM,RESET,RESET,CUSTOM
313,SRL,REGISTER,False,1,C,None,None,None,None,None,None,2,8,8,CUSTOM,RESET,RESET,CUSTOM
314,SRL,REGISTER,False,1,D,None,None,None,None,None,None,2,8,8,CUSTOM,RESET,RESET,CUSTOM
315,SRL,REGISTER,False,1,E,None,None,None,None,None,None,2,8,8,CUSTOM,RESET,RESET,CUSTOM
316,SRL,REGISTER,False,1,H,None,None,None,None,None,None,2,8,8,CUSTOM,RESET,RESET,CUSTOM
317,SRL,REGISTER,False,1,L,None,None,None,None,None,None,2,8,8,CUSTOM,RESET,RESET,CUSTOM
318,SRL,REGISTER,True,2,HL,None,None,None,None,None,None,2,16,16,CUSTOM,RESET,RESET,CUSTOM
319,SRL,REGISTER,False,1,A,None,None,None,None,None,None,2,8,8,CUSTOM,RESET,RESET,CUSTOM
320,BIT,VALUE,False,1,0,0,REGISTER,False,1,B,None,2,8,8,CUSTOM,RESET,SET,NONE
321,BIT,VALUE,False,1,0,0,REGISTER,False,1,C,None,2,8,8,CUSTOM,RESET,SET,NONE
322,BIT,VALUE,False,1,0,0,REGISTER,False,1,D,None,2,8,8,CUSTOM,RESET,SET,NONE
323,BIT,VALUE,False,1,0,0,REGISTER,False,1,E,None,2,8,8,CUSTOM,RESET,SET,NONE
324,BIT,VALUE,False,1,0,0,REGISTER,False,1,H,None,2,8,8,CUSTOM,RESET,SET,NONE
325,BIT,VALUE,False,1,0,0,REGISTER,False,1,L,None,2,8,8,CUSTOM,RESET,SET,NONE
326,BIT,VALUE,False,1,0,0,REGISTER,True,2,HL,None,2,16,16,CUSTOM,RESET,SET,NONE
327,BIT,VALUE,False,1,0,0,REGISTER,False,1,A,None,2,8,8,CUSTOM,RESET,SET,NONE
328,BIT,VALUE,False,1,1,1,REGISTER,False,1,B,None,2,8,8,CUSTOM,RESET,SET,NONE
329,BIT,VALUE,False,1,1,1,REGISTER,False,1,C,None,2,8,8,CUSTOM,RESET,SET,NONE
330,BIT,VALUE,False,1,1,1,REGISTER,False,1,D,None,2,8,8,CUSTOM,RESET,SET,NONE
331,BIT,VALUE,False,1,1,1,REGISTER,False,1,E,None,2,8,8,CUSTOM,RESET,SET,NONE
332,BIT,VALUE,False,1,1,1,REGISTER,False,1,H,None,2,8,8,CUSTOM,RESET,SET,NONE
333,BIT,VALUE,False,1,1,1,REGISTER,False,1,L,None,2,8,8,CUSTOM,RESET,SET,NONE
334,BIT,VALUE,False,1,1,1,REGISTER,True,2,HL,None,2,16,16,CUSTOM,RESET,SET,NONE
335,BIT,VALUE,False,1,1,1,REGISTER,False,1,A,None,2,8,8,CUSTOM,RESET,SET,NONE
336,BIT,VALUE,False,1,2,2,REGISTER,False,1,B,None,2,8,8,CUSTOM,RESET,SET,NONE
337,BIT,VALUE,False,1,2,2,REGISTER,False,1,C,None,2,8,8,CUSTOM,RESET,SET,NONE
338,BIT,VALUE,False,1,2,2,REGISTER,False,1,D,None,2,8,8,CUSTOM,RESET,SET,NONE
339,BIT,VALUE,False,1,2,2,REGISTER,False,1,E,None,2,8,8,CUSTOM,RESET,SET,NONE
340,BIT,VALUE,False,1,2,2,REGISTER,False,1,H,None,2,8,8,CUSTOM,RESET,SET,NONE
341,BIT,VALUE,False,1,2,2,REGISTER,False,1,L,None,2,8,8,CUSTOM,RESET,SET,NONE
342,BIT,VALUE,False,1,2,2,REGISTER,True,2,HL,None,2,16,16,CUSTOM,RESET,SET,NONE
343,BIT,VALUE,False,1,2,2,REGISTER,False,1,A,None,2,8,8,CUSTOM,RESET,SET,NONE
344,BIT,VALUE,False,1,3,3,REGISTER,False,1,B,None,2,8,8,CUSTOM,RESET,SET,NONE
345,BIT,VALUE,False,1,3,3,REGISTER,False,1,C,None,2,8,8,CUSTOM,RESET,SET,NONE
346,BIT,VALUE,False,1,3,3,REGISTER,False,1,D,None,2,8,8,CUSTOM,RESET,SET,NONE
347,BIT,VALUE,False,1,3,3,REGISTER,False,1,E,None,2,8,8,CUSTOM,RESET,SET,NONE
348,BIT,VALUE,False,1,3,3,REGISTER,False,1,H,None,2,8,8,CUSTOM,RESET,SET,NONE
349,BIT,VALUE,False,1,3,3,REGISTER,False,1,L,None,2,8,8,CUSTOM,RESET,SET,NONE
350,BIT,VALUE,False,1,3,3,REGISTER,True,2,HL,None,2,16,16,CUSTOM,RESET,SET,NONE
351,BIT,VALUE,False,1,3,3,REGISTER,False,1,A,None,2,8,8,CUSTOM,RESET,SET,NONE
352,BIT,VALUE,False,1,4,4,REGISTER,False,1,B,None,2,8,8,CUSTOM,RESET,SET,NONE
353,BIT,VALUE,False,1,4,4,REGISTER,False,1,C,None,2,8,8,CUSTOM,RESET,SET,NONE
354,BIT,VALUE,False,1,4,4,REGISTER,False,1,D,None,2,8,8,CUSTOM,RESET,SET,NONE
355,BIT,VALUE,False,1,4,4,REGISTER,False,1,E,None,2,8,8,CUSTOM,RESET,SET,NONE
356,BIT,VALUE,False,1,4,4,REGISTER,False,1,H,None,2,8,8,CUSTOM,RESET,SET,NONE
357,BIT,VALUE,False,1,4,4,REGISTER,False,1,L,None,2,8,8,CUSTOM,RESET,SET,NONE
358,BIT,VALUE,False,1,4,4,REGISTER,True,2,HL,None,2,16,16,CUSTOM,RESET,SET,NONE
359,BIT,VALUE,False,1,4,4,REGISTER,False,1,A,None,2,8,8,CUSTOM,RESET,SET,NONE
360,BIT,VALUE,False,1,5,5,REGISTER,False,1,B,None,2,8,8,CUSTOM,RESET,SET,NONE
361,BIT,VALUE,False,1,5,5,REGISTER,False,1,C,None,2,8,8,CUSTOM,RESET,SET,NONE
362,BIT,VALUE,False,1,5,5,REGISTER,False,1,D,None,2,8,8,CUSTOM,RESET,SET,NONE
363,BIT,VALUE,False,1,5,5,REGISTER,False,1,E,None,2,8,8,CUSTOM,RESET,SET,NONE
364,BIT,VALUE,False,1,5,5,REGISTER,False,1,H,None,2,8,8,CUSTOM,RESET,SET,NONE
365,BIT,VALUE,False,1,5,5,REGISTER,False,1,L,None,2,8,8,CUSTOM,RESET,SET,NONE
366,BIT,VALUE,False,1,5,5,REGISTER,True,2,HL,None,2,16,16,CUSTOM,RESET,SET,NONE
367,BIT,VALUE,False,1,5,5,REGISTER,False,1,A,None,2,8,8,CUSTOM,RESET,SET,NONE
368,BIT,VALUE,False,1,6,6,REGISTER,False,1,B,None,2,8,8,CUSTOM,RESET,SET,NONE
369,BIT,VALUE,False,1,6,6,REGISTER,False,1,C,None,2,8,8,CUSTOM,RESET,SET,NONE
370,BIT,VALUE,False,1,6,6,REGISTER,False,1,D,None,2,8,8,CUSTOM,RESET,SET,NONE
371,BIT,VALUE,False,1,6,6,REGISTER,False,1,E,None,2,8,8,CUSTOM,RESET,SET,NONE
372,BIT,VALUE,False,1,6,6,REGISTER,False,1,H,None,2,8,8,CUSTOM,RESET,SET,NONE
373,BIT,VALUE,False,1,6,6,REGISTER,False,1,L,None,2,8,8,CUSTOM,RESET,SET,NONE
374,BIT,VALUE,False,1,6,6,REGISTER,True,2,HL,None,2,16,16,CUSTOM,RESET,SET,NONE
375,BIT,VALUE,False,1,6,6,REGISTER,False,1,A,None,2,8,8,CUSTOM,RESET,SET,NONE
376,BIT,VALUE,False,1,7,7,REGISTER,False,1,B,None,2,8,8,CUSTOM,RESET,SET,NONE
377,BIT,VALUE,False,1,7,7,REGISTER,False,1,C,None,2,8,8,CUSTOM,RESET,SET,NONE
378,BIT,VALUE,False,1,7,7,REGISTER,False,1,D,None,2,8,8,CUSTOM,RESET,SET,NONE
379,BIT,VALUE,False,1,7,7,REGISTER,False,1,E,None,2,8,8,CUSTOM,RESET,SET,NONE
380,BIT,VALUE,False,1,7,7,REGISTER,False,1,H,None,2,8,8,CUSTOM,RESET,SET,NONE
381,BIT,VALUE,False,1,7,7,REGISTER,False,1,L,None,2,8,8,CUSTOM,RESET,SET,NONE
382,BIT,VALUE,False,1,7,7,REGISTER,True,2,HL,None,2,16,16,CUSTOM,RESET,SET,NONE
383,BIT,VALUE,False,1,7,7,REGISTER,False,1,A,None,2,8,8,CUSTOM,RESET,SET,NONE
384,RES,VALUE,False,1,0,0,REGISTER,False,1,B,None,2,8,8,NONE,NONE,NONE,NONE
385,RES,VALUE,False,1,0,0,REGISTER,False,1,C,None,2,8,8,NONE,NONE,NONE,NONE
386,RES,VALUE,False,1,0,0,REGISTER,False,1,D,None,2,8,8,NONE,NONE,NONE,NONE
387,RES,VALUE,False,1,0,0,REGISTER,False,1,E,None,2,8,8,NONE,NONE,NONE,NONE
388,RES,VALUE,False,1,0,0,REGISTER,False,1,H,None,2,8,8,NONE,NONE,NONE,NONE
389,RES,VALUE,False,1,0,0,REGISTER,False,1,L,None,2,8,8,NONE,NONE,NONE,NONE
390,RES,VALUE,False,1,0,0,REGISTER,True,2,HL,None,2,16,16,NONE,NONE,NONE,NONE
391,RES,VALUE,False,1,0,0,REGISTER,False,1,A,None,2,8,8,NONE,NONE,NONE,NONE
392,RES,VALUE,False,1,1,1,REGISTER,False,1,B,None,2,8,8,NONE,NONE,NONE,NONE
393,RES,VALUE,False,1,1,1,REGISTER,False,1,C,None,2,8,8,NONE,NONE,NONE,NONE
394,RES,VALUE,False,1,1,1,REGISTER,False,1,D,None,2,8,8,NONE,NONE,NONE,NONE
395,RES,VALUE,False,1,1,1,REGISTER,False,1,E,None,2,8,8,NONE,NONE,NONE,NONE
396,RES,VALUE,False,1,1,1,REGISTER,False,1,H,None,2,8,8,NONE,NONE,NONE,NONE
397,RES,VALUE,False,1,1,1,REGISTER,False,1,L,None,2,8,8,NONE,NONE,NONE,NONE
398,RES,VALUE,False,1,1,1,REGISTER,True,2,HL,None,2,16,16,NONE,NONE,NONE,NONE
399,RES,VALUE,False,1,1,1,REGISTER,False,1,A,None,2,8,8,NONE,NONE,NONE,NONE
400,RES,VALUE,False,1,2,2,REGISTER,False,1,B,None,2,8,8,NONE,NONE,NONE,NONE
401,RES,VALUE,False,1,2,2,REGISTER,False,1,C,None,2,8,8,NONE,NONE,NONE,NONE
402,RES,VALUE,False,1,2,2,REGISTER,False,1,D,None,2,8,8,NONE,NONE,NONE,NONE
403,RES,VALUE,False,1,2,2,REGISTER,False,1,E,None,2,8,8,NONE,NONE,NONE,NONE
404,RES,VALUE,False,1,2,2,REGISTER,False,1,H,None,2,8,8,NONE,NONE,NONE,NONE
405,RES,VALUE,False,1,2,2,REGISTER,False,1,L,None,2,8,8,NONE,NONE,NONE,NONE
406,RES,VALUE,False,1,2,2,REGISTER,True,2,HL,None,2,16,16,NONE,NONE,NONE,NONE
407,RES,VALUE,False,1,2,2,REGISTER,False,1,A,None,2,8,8,NONE,NONE,NONE,NONE
408,RES,VALUE,False,1,3,3,REGISTER,False,1,B,None,2,8,8,NONE,NONE,NONE,NONE
409,RES,VALUE,False,1,3,3,REGISTER,False,1,C,None,2,8,8,NONE,NONE,NONE,NONE
410,RES,VALUE,False,1,3,3,REGISTER,False,1,D,None,2,8,8,NONE,NONE,NONE,NONE
411,RES,VALUE,False,1,3,3,REGISTER,False,1,E,None,2,8,8,NONE,NONE,NONE,NONE
412,RES,VALUE,False,1,3,3,REGISTER,False,1,H,None,2,8,8,NONE,NONE,NONE,NONE
413,RES,VALUE,False,1,3,3,REGISTER,False,1,L,None,2,8,8,NONE,NONE,NONE,NONE
414,RES,VALUE,False,1,3,3,REGISTER,True,2,HL,None,2,16,16,NONE,NONE,NONE,NONE
415,RES,VALUE,False,1,3,3,REGISTER,False,1,A,None,2,8,8,NONE,NONE,NONE,NONE
416,RES,VALUE,False,1,4,4,REGISTER,False,1,B,None,2,8,8,NONE,NONE,NONE,NONE
417,RES,VALUE,False,1,4,4,REGISTER,False,1,C,None,2,8,8,NONE,NONE,NONE,NONE
418,RES,VALUE,False,1,4,4,REGISTER,False,1,D,None,2,8,8,NONE,NONE,NONE,NONE
419,RES,VALUE,False,1,4,4,REGISTER,False,1,E,None,2,8,8,NONE,NONE,NONE,NONE
420,RES,VALUE,False,1,4,4,REGISTER,False,1,H,None,2,8,8,NONE,NONE,NONE,NONE
421,RES,VALUE,False,1,4,4,REGISTER,False,1,L,None,2,8,8,NONE,NONE,NONE,NONE
422,RES,VALUE,False,1,4,4,REGISTER,True,2,HL,None,2,16,16,NONE,NONE,NONE,NONE
423,RES,VALUE,False,1,4,4,REGISTER,False,1,A,None,2,8,8,NONE,NONE,NONE,NONE
424,RES,VALUE,False,1,5,5,REGISTER,False,1,B,None,2,8,8,NONE,NONE,NONE,NONE
425,RES,VALUE,False,1,5,5,REGISTER,False,1,C,None,2,8,8,NONE,NONE,NONE,NONE
426,RES,VALUE,False,1,5,5,REGISTER,False,1,D,None,2,8,8,NONE,NONE,NONE,NONE
427,RES,VALUE,False,1,5,5,REGISTER,False,1,E,None,2,8,8,NONE,NONE,NONE,NONE
428,RES,VALUE,False,1,5,5,REGISTER,False,1,H,None,2,8,8,NONE,NONE,NONE,NONE
429,RES,VALUE,False,1,5,5,REGISTER,False,1,L,None,2,8,8,NONE,NONE,NONE,NONE
430,RES,VALUE,False,1,5,5,REGISTER,True,2,HL,None,2,16,16,NONE,NONE,NONE,NONE
431,RES,VALUE,False,1,5,5,REGISTER,False,1,A,None,2,8,8,NONE,NONE,NONE,NONE
432,RES,VALUE,False,1,6,6,REGISTER,False,1,B,None,2,8,8,NONE,NONE,NONE,NONE
433,RES,VALUE,False,1,6,6,REGISTER,False,1,C,None,2,8,8,NONE,NONE,NONE,NONE
434,RES,VALUE,False,1,6,6,REGISTER,False,1,D,None,2,8,8,NONE,NONE,NONE,NONE
435,RES,VALUE,False,1,6,6,REGISTER,False,1,E,None,2,8,8,NONE,NONE,NONE,NONE
436,RES,VALUE,False,1,6,6,REGISTER,False,1,H,None,2,8,8,NONE,NONE,NONE,NONE
437,RES,VALUE,False,1,6,6,REGISTER,False,1,L,None,2,8,8,NONE,NONE,NONE,NONE
438,RES,VALUE,False,1,6,6,REGISTER,True,2,HL,None,2,16,16,NONE,NONE,NONE,NONE
439,RES,VALUE,False,1,6,6,REGISTER,False,1,A,None,2,8,8,NONE,NONE,NONE,NONE
440,RES,VALUE,False,1,7,7,REGISTER,False,1,B,None,2,8,8,NONE,NONE,NONE,NONE
441,RES,VALUE,False,1,7,7,REGISTER,False,1,C,None,2,8,8,NONE,NONE,NONE,NONE
442,RES,VALUE,False,1,7,7,REGISTER,False,1,D,None,2,8,8,NONE,NONE,NONE,NONE
443,RES,VALUE,False,1,7,7,REGISTER,False,1,E,None,2,8,8,NONE,NONE,NONE,NONE
444,RES,VALUE,False,1,7,7,REGISTER,False,1,H,None,2,8,8,NONE,NONE,NONE,NONE
445,RES,VALUE,False,1,7,7,REGISTER,False,1,L,None,2,8,8,NONE,NONE,NONE,NONE
446,RES,VALUE,False,1,7,7,REGISTER,True,2,HL,None,2,16,16,NONE,NONE,NONE,NONE
447,RES,VALUE,False,1,7,7,REGISTER,False,1,A,None,2,8,8,NONE,NONE,NONE,NONE
448,SET,VALUE,False,1,0,0,REGISTER,False,1,B,None,2,8,8,NONE,NONE,NONE,NONE
449,SET,VALUE,False,1,0,0,REGISTER,False,1,C,None,2,8,8,NONE,NONE,NONE,NONE
450,SET,VALUE,False,1,0,0,REGISTER,False,1,D,None,2,8,8,NONE,NONE,NONE,NONE
451,SET,VALUE,False,1,0,0,REGISTER,False,1,E,None,2,8,8,NONE,NONE,NONE,NONE
452,SET,VALUE,False,1,0,0,REGISTER,False,1,H,None,2,8,8,NONE,NONE,NONE,NONE
453,SET,VALUE,False,1,0,0,REGISTER,False,1,L,None,2,8,8,NONE,NONE,NONE,NONE
454,SET,VALUE,False,1,0,0,REGISTER,True,2,HL,None,2,16,16,NONE,NONE,NONE,NONE
455,SET,VALUE,False,1,0,0,REGISTER,False,1,A,None,2,8,8,NONE,NONE,NONE,NONE
456,SET,VALUE,False,1,1,1,REGISTER,False,1,B,None,2,8,8,NONE,NONE,NONE,NONE
457,SET,VALUE,False,1,1,1,REGISTER,False,1,C,None,2,8,8,NONE,NONE,NONE,NONE
458,SET,VALUE,False,1,1,1,REGISTER,False,1,D,None,2,8,8,NONE,NONE,NONE,NONE
459,SET,VALUE,False,1,1,1,REGISTER,False,1,E,None,2,8,8,NONE,NONE,NONE,NONE
460,SET,VALUE,False,1,1,1,REGISTER,False,1,H,None,2,8,8,NONE,NONE,NONE,NONE
461,SET,VALUE,False,1,1,1,REGISTER,False,1,L,None,2,8,8,NONE,NONE,NONE,NONE
462,SET,VALUE,False,1,1,1,REGISTER,True,2,HL,None,2,16,16,NONE,NONE,NONE,NONE
463,SET,VALUE,False,1,1,1,REGISTER,False,1,A,None,2,8,8,NONE,NONE,NONE,NONE
464,SET,VALUE,False,1,2,2,REGISTER,False,1,B,None,2,8,8,NONE,NONE,NONE,NONE
465,SET,VALUE,False,1,2,2,REGISTER,False,1,C,None,2,8,8,NONE,NONE,NONE,NONE
466,SET,VALUE,False,1,2,2,REGISTER,False,1,D,None,2,8,8,NONE,NONE,NONE,NONE
467,SET,VALUE,False,1,2,2,REGISTER,False,1,E,None,2,8,8,NONE,NONE,NONE,NONE
468,SET,VALUE,False,1,2,2,REGISTER,False,1,H,None,2,8,8,NONE,NONE,NONE,NONE
469,SET,VALUE,False,1,2,2,REGISTER,False,1,L,None,2,8,8,NONE,NONE,NONE,NONE
470,SET,VALUE,False,1,2,2,REGISTER,True,2,HL,None,2,16,16,NONE,NONE,NONE,NONE
471,SET,VALUE,False,1,2,2,REGISTER,False,1,A,None,2,8,8,NONE,NONE,NONE,NONE
472,SET,VALUE,False,1,3,3,REGISTER,False,1,B,None,2,8,8,NONE,NONE,NONE,NONE
473,SET,VALUE,False,1,3,3,REGISTER,False,1,C,None,2,8,8,NONE,NONE,NONE,NONE
474,SET,VALUE,False,1,3,3,REGISTER,False,1,D,None,2,8,8,NONE,NONE,NONE,NONE
475,SET,VALUE,False,1,3,3,REGISTER,False,1,E,None,2,8,8,NONE,NONE,NONE,NONE
476,SET,VALUE,False,1,3,3,REGISTER,False,1,H,None,2,8,8,NONE,NONE,NONE,NONE
477,SET,VALUE,False,1,3,3,REGISTER,False,1,L,None,2,8,8,NONE,NONE,NONE,NONE
478,SET,VALUE,False,1,3,3,REGISTER,True,2,HL,None,2,16,16,NONE,NONE,NONE,NONE
479,SET,VALUE,False,1,3,3,REGISTER,False,1,A,None,2,8,8,NONE,NONE,NONE,NONE
480,SET,VALUE,False,1,4,4,REGISTER,False,1,B,None,2,8,8,NONE,NONE,NONE,NONE
481,SET,VALUE,False,1,4,4,REGISTER,False,1,C,None,2,8,8,NONE,NONE,NONE,NONE
482,SET,VALUE,False,1,4,4,REGISTER,False,1,D,None,2,8,8,NONE,NONE,NONE,NONE
483,SET,VALUE,False,1,4,4,REGISTER,False,1,E,None,2,8,8,NONE,NONE,NONE,NONE
484,SET,VALUE,False,1,4,4,REGISTER,False,1,H,None,2,8,8,NONE,NONE,NONE,NONE
485,SET,VALUE,False,1,4,4,REGISTER,False,1,L,None,2,8,8,NONE,NONE,NONE,NONE
486,SET,VALUE,False,1,4,4,REGISTER,True,2,HL,None,2,16,16,NONE,NONE,NONE,NONE
487,SET,VALUE,False,1,4,4,REGISTER,False,1,A,None,2,8,8,NONE,NONE,NONE,NONE
488,SET,VALUE,False,1,5,5,REGISTER,False,1,B,None,2,8,8,NONE,NONE,NONE,NONE
489,SET,VALUE,False,1,5,5,REGISTER,False,1,C,None,2,8,8,NONE,NONE,NONE,NONE
490,SET,VALUE,False,1,5,5,REGISTER,False,1,D,None,2,8,8,NONE,NONE,NONE,NONE
491,SET,VALUE,False,1,5,5,REGISTER,False,1,E,None,2,8,8,NONE,NONE,NONE,NONE
492,SET,VALUE,False,1,5,5,REGISTER,False,1,H,None,2,8,8,NONE,NONE,NONE,NONE
493,SET,VALUE,False,1,5,5,REGISTER,False,1,L,None,2,8,8,NONE,NONE,NONE,NONE
494,SET,VALUE,False,1,5,5,REGISTER,True,2,HL,None,2,16,16,NONE,NONE,NONE,NONE
495,SET,VALUE,False,1,5,5,REGISTER,False,1,A,None,2,8,8,NONE,NONE,NONE,NONE
496,SET,VALUE,False,1,6,6,REGISTER,False,1,B,None,2,8,8,NONE,NONE,NONE,NONE
497,SET,VALUE,False,1,6,6,REGISTER,False,1,C,None,2,8,8,NONE,NONE,NONE,NONE
498,SET,VALUE,False,1,6,6,REGISTER,False,1,D,None,2,8,8,NONE,NONE,NONE,NONE
499,SET,VALUE,False,1,6,6,REGISTER,False,1,E,None,2,8,8,NONE,NONE,NONE,NONE
500,SET,VALUE,False,1,6,6,REGISTER,False,1,H,None,2,8,8,NONE,NONE,NONE,NONE
501,SET,VALUE,False,1,6,6,REGISTER,False,1,L,None,2,8,8,NONE,NONE,NONE,NONE
502,SET,VALUE,False,1,6,6,REGISTER,True,2,HL,None,2,16,16,NONE,NONE,NONE,NONE
503,SET,VALUE,False,1,6,6,REGISTER,False,1,A,None,2,8,8,NONE,NONE,NONE,NONE
504,SET,VALUE,False,1,7,7,REGISTER,False,1,B,None,2,8,8,NONE,NONE,NONE,NONE
505,SET,VALUE,False,1,7,7,REGISTER,False,1,C,None,2,8,8,NONE,NONE,NONE,NONE
506,SET,VALUE,False,1,7,7,REGISTER,False,1,D,None,2,8,8,NONE,NONE,NONE,NONE
507,SET,VALUE,False,1,7,7,REGISTER,False,1,E,None,2,8,8,NONE,NONE,NONE,NONE
508,SET,VALUE,False,1,7,7,REGISTER,False,1,H,None,2,8,8,NONE,NONE,NONE,NONE
509,SET,VALUE,False,1,7,7,REGISTER,False,1,L,None,2,8,8,NONE,NONE,NONE,NONE
510,SET,VALUE,False,1,7,7,REGISTER,True,2,HL,None,2,16,16,NONE,NONE,NONE,NONE
511,SET,VALUE,False,1,7,7,REGISTER,False,1,A,None,2,8,8,NONE,NONE,NONE,NONE
